creationDate:Date|id:ID|:LABEL|title
2011-10-06|600687194767360|forum|Wall of Baby Yang
2012-05-29|600962072674305|forum|Album 0 of Baby Yang
2012-07-29|601030792151042|forum|Album 1 of Baby Yang
2012-06-05|600962072674307|forum|Album 2 of Baby Yang
2011-10-06|600687194767364|forum|Album 3 of Baby Yang
2012-03-05|600824633720838|forum|Album 5 of Baby Yang
2012-01-27|600824633720840|forum|Album 7 of Baby Yang
2012-04-12|600893353197579|forum|Album 10 of Baby Yang
2012-05-13|600962072674316|forum|Album 11 of Baby Yang
2012-04-06|600893353197581|forum|Album 12 of Baby Yang
2012-04-05|600893353197583|forum|Album 14 of Baby Yang
2010-04-18|600068719476752|forum|Wall of Arbaaz Ali
2011-04-14|600481036337170|forum|Wall of Ayesha Ahmed
2010-01-31|600000000000019|forum|Wall of Jan Zakrzewski
2010-07-12|600206158430228|forum|Album 0 of Jan Zakrzewski
2010-12-01|600343597383701|forum|Album 1 of Jan Zakrzewski
2011-03-04|600412316860438|forum|Album 2 of Jan Zakrzewski
2011-05-28|600549755813911|forum|Album 3 of Jan Zakrzewski
2011-10-18|600687194767384|forum|Album 4 of Jan Zakrzewski
2010-11-29|600343597383706|forum|Album 6 of Jan Zakrzewski
2011-04-16|600481036337179|forum|Album 7 of Jan Zakrzewski
2012-02-23|600824633720860|forum|Album 8 of Jan Zakrzewski
2011-07-30|600618475290653|forum|Album 9 of Jan Zakrzewski
2010-04-15|600068719476766|forum|Album 10 of Jan Zakrzewski
2010-06-24|600137438953503|forum|Album 11 of Jan Zakrzewski
2010-12-22|600343597383712|forum|Album 12 of Jan Zakrzewski
2010-05-11|600137438953505|forum|Album 13 of Jan Zakrzewski
2011-05-23|600549755813922|forum|Album 14 of Jan Zakrzewski
2012-01-20|600824633720867|forum|Album 15 of Jan Zakrzewski
2012-03-17|600893353197604|forum|Album 16 of Jan Zakrzewski
2011-03-30|600481036337189|forum|Album 17 of Jan Zakrzewski
2011-12-11|600755914244134|forum|Album 18 of Jan Zakrzewski
2012-08-03|601030792151079|forum|Album 19 of Jan Zakrzewski
2012-04-22|600893353197608|forum|Album 20 of Jan Zakrzewski
2011-07-10|600618475290665|forum|Album 21 of Jan Zakrzewski
2012-08-29|601030792151082|forum|Album 22 of Jan Zakrzewski
2012-09-08|601030792151083|forum|Album 23 of Jan Zakrzewski
2011-08-09|600618475290668|forum|Album 24 of Jan Zakrzewski
2011-03-13|600481036337197|forum|Album 25 of Jan Zakrzewski
2010-06-22|600137438953518|forum|Album 26 of Jan Zakrzewski
2010-11-14|600343597383727|forum|Album 27 of Jan Zakrzewski
2010-12-25|600343597383728|forum|Album 28 of Jan Zakrzewski
2010-05-15|600137438953521|forum|Album 29 of Jan Zakrzewski
2010-06-27|600137438953522|forum|Album 30 of Jan Zakrzewski
2011-03-31|600481036337203|forum|Album 31 of Jan Zakrzewski
2011-01-28|600412316860468|forum|Album 32 of Jan Zakrzewski
2011-10-29|600687194767413|forum|Album 33 of Jan Zakrzewski
2011-08-22|600618475290678|forum|Album 34 of Jan Zakrzewski
2012-03-30|600893353197623|forum|Wall of Bryn Davies
2012-07-30|601030792151096|forum|Album 0 of Bryn Davies
2012-06-28|600962072674361|forum|Album 1 of Bryn Davies
2012-08-14|601030792151099|forum|Album 3 of Bryn Davies
2012-07-06|600962072674364|forum|Album 4 of Bryn Davies
2012-06-19|600962072674365|forum|Album 5 of Bryn Davies
2012-07-26|601030792151102|forum|Album 6 of Bryn Davies
2012-05-28|600962072674367|forum|Album 7 of Bryn Davies
2010-01-19|600000000000065|forum|Wall of Wojciech Ciesla
2012-06-08|600962072674370|forum|Album 0 of Wojciech Ciesla
2011-05-16|600549755813955|forum|Album 1 of Wojciech Ciesla
2010-05-09|600137438953541|forum|Album 3 of Wojciech Ciesla
2012-01-08|600824633720902|forum|Album 4 of Wojciech Ciesla
2010-03-02|600000000000071|forum|Album 5 of Wojciech Ciesla
2011-03-24|600481036337225|forum|Album 7 of Wojciech Ciesla
2011-06-25|600549755813963|forum|Album 9 of Wojciech Ciesla
2011-12-16|600755914244172|forum|Album 10 of Wojciech Ciesla
2010-12-24|600343597383757|forum|Album 11 of Wojciech Ciesla
2012-03-22|600893353197646|forum|Album 12 of Wojciech Ciesla
2012-01-21|600824633720911|forum|Album 13 of Wojciech Ciesla
2011-04-09|600481036337232|forum|Album 14 of Wojciech Ciesla
2012-07-18|601030792151121|forum|Album 15 of Wojciech Ciesla
2011-04-25|600481036337234|forum|Album 16 of Wojciech Ciesla
2010-07-01|600137438953555|forum|Album 17 of Wojciech Ciesla
2010-09-08|600274877907028|forum|Album 18 of Wojciech Ciesla
2011-12-24|600755914244181|forum|Album 19 of Wojciech Ciesla
2010-04-18|600068719476822|forum|Album 20 of Wojciech Ciesla
2010-07-28|600206158430295|forum|Album 21 of Wojciech Ciesla
2011-12-18|600755914244184|forum|Album 22 of Wojciech Ciesla
2011-04-11|600481036337241|forum|Album 23 of Wojciech Ciesla
2011-09-05|600618475290714|forum|Album 24 of Wojciech Ciesla
2011-11-30|600755914244187|forum|Album 25 of Wojciech Ciesla
2011-03-01|600412316860508|forum|Album 26 of Wojciech Ciesla
2010-04-07|600068719476829|forum|Album 27 of Wojciech Ciesla
2010-05-08|600137438953566|forum|Album 28 of Wojciech Ciesla
2011-04-18|600481036337248|forum|Album 30 of Wojciech Ciesla
2011-11-14|600755914244193|forum|Album 31 of Wojciech Ciesla
2012-07-20|601030792151138|forum|Album 32 of Wojciech Ciesla
2012-02-23|600824633720931|forum|Album 33 of Wojciech Ciesla
2010-10-28|600274877907045|forum|Wall of Joakim Larsson
2010-12-30|600343597383782|forum|Album 0 of Joakim Larsson
2012-03-01|600824633720936|forum|Album 2 of Joakim Larsson
2012-06-06|600962072674409|forum|Album 3 of Joakim Larsson
2011-11-19|600755914244203|forum|Album 5 of Joakim Larsson
2011-10-11|600687194767470|forum|Album 8 of Joakim Larsson
2012-01-05|600755914244207|forum|Album 9 of Joakim Larsson
2011-04-08|600481036337264|forum|Album 10 of Joakim Larsson
2011-05-11|600549755814001|forum|Album 11 of Joakim Larsson
2012-02-13|600824633720946|forum|Album 12 of Joakim Larsson
2011-04-21|600481036337267|forum|Album 13 of Joakim Larsson
2011-02-26|600412316860532|forum|Album 14 of Joakim Larsson
2012-08-19|601030792151157|forum|Album 15 of Joakim Larsson
2011-07-26|600618475290742|forum|Album 16 of Joakim Larsson
2012-05-10|600962072674423|forum|Album 17 of Joakim Larsson
2011-12-17|600755914244216|forum|Album 18 of Joakim Larsson
2011-09-06|600618475290745|forum|Album 19 of Joakim Larsson
2011-07-13|600618475290746|forum|Album 20 of Joakim Larsson
2011-02-06|600412316860539|forum|Album 21 of Joakim Larsson
2012-05-24|600962072674428|forum|Album 22 of Joakim Larsson
2011-09-05|600618475290750|forum|Album 24 of Joakim Larsson
2010-12-03|600343597383807|forum|Album 25 of Joakim Larsson
2010-11-21|600343597383809|forum|Wall of John Johnson
2011-02-18|600412316860546|forum|Album 0 of John Johnson
2011-04-24|600481036337283|forum|Album 1 of John Johnson
2012-04-24|600893353197700|forum|Album 2 of John Johnson
2011-08-03|600618475290757|forum|Album 3 of John Johnson
2012-07-18|601030792151174|forum|Album 4 of John Johnson
2011-10-13|600687194767495|forum|Album 5 of John Johnson
2011-11-15|600755914244233|forum|Album 7 of John Johnson
2011-04-11|600481036337290|forum|Album 8 of John Johnson
2012-07-19|601030792151179|forum|Album 9 of John Johnson
2011-10-17|600687194767500|forum|Album 10 of John Johnson
2011-03-11|600481036337293|forum|Album 11 of John Johnson
2011-07-11|600618475290767|forum|Album 13 of John Johnson
2011-08-30|600618475290768|forum|Album 14 of John Johnson
2011-11-17|600755914244241|forum|Album 15 of John Johnson
2012-06-05|600962072674450|forum|Album 16 of John Johnson
2010-12-26|600343597383827|forum|Album 17 of John Johnson
2011-02-17|600412316860564|forum|Album 18 of John Johnson
2011-08-12|600618475290773|forum|Album 19 of John Johnson
2012-06-21|600962072674454|forum|Album 20 of John Johnson
2011-12-10|600755914244247|forum|Album 21 of John Johnson
2010-12-25|600343597383832|forum|Album 22 of John Johnson
2011-07-02|600549755814041|forum|Album 23 of John Johnson
2010-11-13|600343597383835|forum|Wall of Evangelos Alkaios
2011-07-19|600618475290780|forum|Wall of Lei Zhang
2010-03-24|600068719476894|forum|Wall of Eric Mettacara
2012-08-08|601030792151199|forum|Wall of Alexei Feltsman
2012-01-12|600824633720994|forum|Wall of Almira Patras
2011-12-29|600755914244259|forum|Wall of Alim Guliyev
2011-08-04|600618475290788|forum|Wall of Jimmy Burak
2012-03-09|600893353197733|forum|Album 0 of Jimmy Burak
2012-05-21|600962072674470|forum|Album 1 of Jimmy Burak
2012-02-08|600824633720999|forum|Album 2 of Jimmy Burak
2011-11-19|600755914244264|forum|Album 3 of Jimmy Burak
2012-08-06|601030792151210|forum|Album 5 of Jimmy Burak
2011-08-22|600618475290795|forum|Album 6 of Jimmy Burak
2012-06-12|600962072674476|forum|Album 7 of Jimmy Burak
2012-07-14|601030792151213|forum|Album 8 of Jimmy Burak
2012-08-03|601030792151214|forum|Album 9 of Jimmy Burak
2012-01-10|600824633721007|forum|Album 10 of Jimmy Burak
2011-09-24|600687194767536|forum|Album 11 of Jimmy Burak
2011-12-18|600755914244273|forum|Album 12 of Jimmy Burak
2011-11-07|600755914244275|forum|Album 14 of Jimmy Burak
2012-09-05|601030792151221|forum|Album 16 of Jimmy Burak
2012-02-20|600824633721015|forum|Wall of Celso Oliveira
2012-07-10|601030792151224|forum|Album 0 of Celso Oliveira
2012-07-26|601030792151226|forum|Album 2 of Celso Oliveira
2012-07-10|601030792151229|forum|Album 5 of Celso Oliveira
2012-04-07|600893353197758|forum|Album 6 of Celso Oliveira
2012-09-01|601030792151231|forum|Album 7 of Celso Oliveira
2012-04-14|600893353197761|forum|Album 9 of Celso Oliveira
2012-09-05|601030792151234|forum|Wall of Cheng Wei
2011-02-28|600412316860611|forum|Wall of Otto Richter
2012-01-13|600824633721028|forum|Wall of Rahul Sharma
2012-07-10|601030792151237|forum|Album 0 of Rahul Sharma
2012-04-30|600893353197766|forum|Album 1 of Rahul Sharma
2012-08-03|601030792151239|forum|Album 2 of Rahul Sharma
2012-02-19|600824633721032|forum|Album 3 of Rahul Sharma
2012-02-26|600824633721033|forum|Album 4 of Rahul Sharma
2012-06-19|600962072674506|forum|Album 5 of Rahul Sharma
2012-09-03|601030792151243|forum|Album 6 of Rahul Sharma
2012-09-03|601030792151244|forum|Album 7 of Rahul Sharma
2012-04-18|600893353197773|forum|Album 8 of Rahul Sharma
2012-03-14|600893353197774|forum|Album 9 of Rahul Sharma
2010-01-19|600000000000208|forum|Wall of Ali Ferrer
2011-06-22|600549755814097|forum|Album 0 of Ali Ferrer
2011-01-05|600412316860626|forum|Album 1 of Ali Ferrer
2011-11-01|600687194767571|forum|Album 2 of Ali Ferrer
2010-05-15|600137438953684|forum|Album 3 of Ali Ferrer
2011-11-09|600755914244310|forum|Album 5 of Ali Ferrer
2010-11-10|600343597383895|forum|Album 6 of Ali Ferrer
2010-02-11|600000000000216|forum|Album 7 of Ali Ferrer
2010-09-02|600206158430425|forum|Album 8 of Ali Ferrer
2011-10-13|600687194767578|forum|Album 9 of Ali Ferrer
2012-09-04|601030792151259|forum|Album 10 of Ali Ferrer
2012-09-04|601030792151260|forum|Album 11 of Ali Ferrer
2011-06-18|600549755814109|forum|Album 12 of Ali Ferrer
2010-10-02|600274877907166|forum|Album 13 of Ali Ferrer
2011-04-17|600481036337375|forum|Album 14 of Ali Ferrer
2011-04-02|600481036337377|forum|Album 16 of Ali Ferrer
2012-02-01|600824633721058|forum|Album 17 of Ali Ferrer
2010-08-26|600206158430435|forum|Album 18 of Ali Ferrer
2011-05-17|600549755814116|forum|Album 19 of Ali Ferrer
2010-05-03|600068719476965|forum|Album 20 of Ali Ferrer
2010-09-01|600206158430438|forum|Album 21 of Ali Ferrer
2011-11-06|600687194767593|forum|Album 24 of Ali Ferrer
2011-02-03|600412316860650|forum|Album 25 of Ali Ferrer
2010-10-19|600274877907179|forum|Album 26 of Ali Ferrer
2012-07-26|601030792151276|forum|Album 27 of Ali Ferrer
2010-03-09|600068719476974|forum|Album 29 of Ali Ferrer
2010-09-03|600206158430447|forum|Album 30 of Ali Ferrer
2010-06-28|600137438953712|forum|Album 31 of Ali Ferrer
2011-11-11|600755914244337|forum|Album 32 of Ali Ferrer
2012-02-16|600824633721074|forum|Album 33 of Ali Ferrer
2011-12-24|600755914244339|forum|Album 34 of Ali Ferrer
2010-08-31|600206158430452|forum|Wall of Rahul Khan
2010-01-09|600000000000245|forum|Wall of Tissa Perera
2010-09-08|600274877907190|forum|Group for Pope_Benedict_XVI in Nugegoda
2010-08-23|600206158430455|forum|Group for Zine_El_Abidine_Ben_Ali in Nugegoda
2011-11-09|600755914244344|forum|Group for Zine_El_Abidine_Ben_Ali in Nugegoda
2011-11-01|600687194767609|forum|Album 0 of Tissa Perera
2011-07-22|600618475290874|forum|Album 1 of Tissa Perera
2012-03-11|600893353197819|forum|Album 2 of Tissa Perera
2010-05-16|600137438953724|forum|Album 3 of Tissa Perera
2010-08-05|600206158430461|forum|Album 4 of Tissa Perera
2010-07-30|600206158430462|forum|Album 5 of Tissa Perera
2011-01-27|600412316860671|forum|Album 6 of Tissa Perera
2012-03-27|600893353197824|forum|Album 7 of Tissa Perera
2011-01-22|600412316860673|forum|Album 8 of Tissa Perera
2010-11-06|600343597383939|forum|Album 10 of Tissa Perera
2011-04-25|600481036337412|forum|Album 11 of Tissa Perera
2010-08-21|600206158430469|forum|Album 12 of Tissa Perera
2011-03-03|600412316860678|forum|Album 13 of Tissa Perera
2011-08-24|600618475290887|forum|Album 14 of Tissa Perera
2010-02-26|600000000000264|forum|Album 15 of Tissa Perera
2010-02-27|600000000000265|forum|Album 16 of Tissa Perera
2011-05-05|600481036337418|forum|Album 17 of Tissa Perera
2010-09-05|600274877907211|forum|Album 18 of Tissa Perera
2010-05-28|600137438953740|forum|Album 19 of Tissa Perera
2010-04-25|600068719477005|forum|Album 20 of Tissa Perera
2011-06-26|600549755814159|forum|Album 22 of Tissa Perera
2010-04-13|600068719477008|forum|Album 23 of Tissa Perera
2010-06-05|600137438953745|forum|Album 24 of Tissa Perera
2011-06-01|600549755814163|forum|Album 26 of Tissa Perera
2010-06-24|600137438953748|forum|Album 27 of Tissa Perera
2010-10-06|600274877907221|forum|Album 28 of Tissa Perera
2011-09-05|600618475290902|forum|Album 29 of Tissa Perera
2012-07-20|601030792151319|forum|Album 30 of Tissa Perera
2011-12-10|600755914244376|forum|Album 31 of Tissa Perera
2011-12-17|600755914244377|forum|Album 32 of Tissa Perera
2010-05-01|600068719477018|forum|Album 33 of Tissa Perera
2011-04-05|600481036337435|forum|Album 34 of Tissa Perera
2011-04-25|600481036337436|forum|Album 35 of Tissa Perera
2011-04-14|600481036337437|forum|Wall of Adje van den Berg Vries
2012-07-03|600962072674590|forum|Wall of Aleksandr Efimkin
2011-11-27|600755914244383|forum|Wall of Ashok Singh
2012-06-30|600962072674593|forum|Album 1 of Ashok Singh
2012-02-19|600824633721126|forum|Album 6 of Ashok Singh
2012-08-24|601030792151335|forum|Album 7 of Ashok Singh
2012-03-28|600893353197864|forum|Album 8 of Ashok Singh
2011-12-24|600755914244394|forum|Album 10 of Ashok Singh
2012-02-07|600824633721131|forum|Album 11 of Ashok Singh
2012-02-28|600824633721132|forum|Album 12 of Ashok Singh
2011-03-07|600481036337455|forum|Wall of Alejandro Garcia
2011-05-27|600549755814193|forum|Album 1 of Alejandro Garcia
2011-04-21|600481036337459|forum|Album 3 of Alejandro Garcia
2011-08-16|600618475290932|forum|Album 4 of Alejandro Garcia
2011-12-30|600755914244407|forum|Album 7 of Alejandro Garcia
2011-03-12|600481036337464|forum|Album 8 of Alejandro Garcia
2012-09-10|601099511628089|forum|Album 9 of Alejandro Garcia
2012-06-02|600962072674618|forum|Album 10 of Alejandro Garcia
2011-12-15|600755914244411|forum|Album 11 of Alejandro Garcia
2012-07-16|601030792151356|forum|Album 12 of Alejandro Garcia
2011-08-02|600618475290941|forum|Album 13 of Alejandro Garcia
2011-12-21|600755914244415|forum|Album 15 of Alejandro Garcia
2011-11-20|600755914244416|forum|Album 16 of Alejandro Garcia
2011-11-24|600755914244417|forum|Album 17 of Alejandro Garcia
2012-05-31|600962072674626|forum|Album 18 of Alejandro Garcia
2011-12-02|600755914244419|forum|Album 19 of Alejandro Garcia
2012-07-12|601030792151364|forum|Album 20 of Alejandro Garcia
2012-01-25|600824633721157|forum|Album 21 of Alejandro Garcia
2011-08-21|600618475290950|forum|Wall of Ali Achiou
2012-03-09|600893353197896|forum|Album 1 of Ali Achiou
2012-08-09|601030792151369|forum|Album 2 of Ali Achiou
2012-09-09|601099511628106|forum|Album 3 of Ali Achiou
2012-03-12|600893353197899|forum|Album 4 of Ali Achiou
2011-11-18|600755914244428|forum|Album 5 of Ali Achiou
2011-11-16|600755914244429|forum|Album 6 of Ali Achiou
2011-10-20|600687194767694|forum|Album 7 of Ali Achiou
2012-03-16|600893353197903|forum|Album 8 of Ali Achiou
2012-05-17|600962072674640|forum|Album 9 of Ali Achiou
2012-04-24|600893353197905|forum|Album 10 of Ali Achiou
2012-03-16|600893353197906|forum|Album 11 of Ali Achiou
2012-07-22|601030792151379|forum|Album 12 of Ali Achiou
2011-12-22|600755914244436|forum|Album 13 of Ali Achiou
2012-07-20|601030792151381|forum|Album 14 of Ali Achiou
2012-05-27|600962072674646|forum|Album 15 of Ali Achiou
2011-03-12|600481036337495|forum|Wall of Mehmet Koksal
2012-03-19|600893353197912|forum|Wall of Ge Wei
2012-01-10|600824633721177|forum|Wall of Djelaludin Zaland
2012-03-17|600893353197914|forum|Wall of Roberto Diaz
2010-07-11|600206158430555|forum|Wall of Ali Abouba
2011-10-17|600687194767708|forum|Wall of Jun Li
2012-03-30|600893353197918|forum|Album 1 of Jun Li
2012-02-19|600824633721183|forum|Album 2 of Jun Li
2012-08-22|601030792151392|forum|Album 3 of Jun Li
2011-11-07|600755914244449|forum|Album 4 of Jun Li
2012-07-16|601030792151395|forum|Album 6 of Jun Li
2011-11-06|600687194767716|forum|Album 7 of Jun Li
2012-05-27|600962072674662|forum|Album 9 of Jun Li
2012-05-06|600893353197927|forum|Album 10 of Jun Li
2012-06-02|600962072674664|forum|Album 11 of Jun Li
2012-05-18|600962072674665|forum|Album 12 of Jun Li
2011-08-22|600618475290989|forum|Wall of John Kumar
2012-02-09|600824633721198|forum|Album 0 of John Kumar
2012-09-13|601099511628143|forum|Album 1 of John Kumar
2012-07-31|601030792151408|forum|Album 2 of John Kumar
2012-04-17|600893353197937|forum|Album 3 of John Kumar
2012-01-14|600824633721202|forum|Album 4 of John Kumar
2012-02-26|600824633721203|forum|Album 5 of John Kumar
2012-03-30|600893353197941|forum|Album 7 of John Kumar
2012-04-16|600893353197942|forum|Album 8 of John Kumar
2012-05-12|600962072674679|forum|Album 9 of John Kumar
2011-12-26|600755914244472|forum|Album 10 of John Kumar
2012-06-26|600962072674681|forum|Album 11 of John Kumar
2012-04-28|600893353197946|forum|Album 12 of John Kumar
2012-07-29|601030792151419|forum|Album 13 of John Kumar
2012-08-08|601030792151421|forum|Album 15 of John Kumar
2012-01-02|600755914244478|forum|Wall of Miguel Gonzalez
2012-06-23|600962072674688|forum|Album 1 of Miguel Gonzalez
2012-08-04|601030792151425|forum|Album 2 of Miguel Gonzalez
2012-03-07|600824633721218|forum|Album 3 of Miguel Gonzalez
2012-04-07|600893353197955|forum|Album 4 of Miguel Gonzalez
2012-04-26|600893353197957|forum|Album 6 of Miguel Gonzalez
2012-06-22|600962072674694|forum|Album 7 of Miguel Gonzalez
2012-02-08|600824633721224|forum|Album 9 of Miguel Gonzalez
2012-02-10|600824633721225|forum|Album 10 of Miguel Gonzalez
2012-05-02|600893353197962|forum|Album 11 of Miguel Gonzalez
2011-07-26|600618475291019|forum|Wall of John Khan
2012-07-26|601030792151436|forum|Group for Fernando_González in Guntur
2011-08-10|600618475291022|forum|Group for Fernando_González in Guntur
2012-02-13|600824633721231|forum|Group for Fernando_González in Guntur
2011-08-27|600618475291024|forum|Album 0 of John Khan
2011-12-28|600755914244497|forum|Album 1 of John Khan
2011-12-01|600755914244498|forum|Album 2 of John Khan
2012-08-22|601030792151443|forum|Album 3 of John Khan
2012-08-19|601030792151445|forum|Album 5 of John Khan
2011-10-28|600687194767766|forum|Album 6 of John Khan
2011-11-02|600687194767768|forum|Album 8 of John Khan
2012-03-03|600824633721241|forum|Album 9 of John Khan
2012-03-17|600893353197978|forum|Album 10 of John Khan
2011-10-28|600687194767771|forum|Album 11 of John Khan
2012-04-14|600893353197980|forum|Album 12 of John Khan
2011-11-20|600755914244509|forum|Album 13 of John Khan
2012-06-03|600962072674718|forum|Album 14 of John Khan
2012-07-20|601030792151455|forum|Album 15 of John Khan
2012-03-01|600824633721248|forum|Album 16 of John Khan
2012-03-13|600893353197985|forum|Wall of Yahya Ould Ahmed El Abdallahi
2012-07-29|601030792151458|forum|Album 0 of Yahya Ould Ahmed El Abdallahi
2012-07-25|601030792151459|forum|Album 1 of Yahya Ould Ahmed El Abdallahi
2012-03-19|600893353197989|forum|Album 3 of Yahya Ould Ahmed El Abdallahi
2012-04-01|600893353197990|forum|Album 4 of Yahya Ould Ahmed El Abdallahi
2012-07-03|600962072674727|forum|Album 5 of Yahya Ould Ahmed El Abdallahi
2012-09-11|601099511628200|forum|Album 6 of Yahya Ould Ahmed El Abdallahi
2012-08-26|601030792151465|forum|Album 7 of Yahya Ould Ahmed El Abdallahi
2012-06-26|600962072674730|forum|Album 8 of Yahya Ould Ahmed El Abdallahi
2010-01-03|600000000000429|forum|Wall of Hossein Forouhar
2010-12-24|600343597384110|forum|Wall of Ken Yamada
2011-09-17|600687194767791|forum|Album 0 of Ken Yamada
2012-08-29|601030792151473|forum|Album 2 of Ken Yamada
2011-09-20|600687194767794|forum|Album 3 of Ken Yamada
2011-02-27|600412316860851|forum|Album 4 of Ken Yamada
2012-05-15|600962072674740|forum|Album 5 of Ken Yamada
2011-08-16|600618475291063|forum|Album 8 of Ken Yamada
2012-01-06|600755914244536|forum|Album 9 of Ken Yamada
2012-02-16|600824633721273|forum|Album 10 of Ken Yamada
2012-07-21|601030792151483|forum|Album 12 of Ken Yamada
2011-11-04|600687194767804|forum|Album 13 of Ken Yamada
2012-02-22|600824633721277|forum|Album 14 of Ken Yamada
2012-08-23|601030792151486|forum|Album 15 of Ken Yamada
2011-05-20|600549755814335|forum|Album 16 of Ken Yamada
2011-09-25|600687194767808|forum|Album 17 of Ken Yamada
2011-12-25|600755914244545|forum|Album 18 of Ken Yamada
2011-06-08|600549755814338|forum|Album 19 of Ken Yamada
2012-01-26|600824633721285|forum|Album 22 of Ken Yamada
2012-07-11|601030792151494|forum|Album 23 of Ken Yamada
2010-06-22|600137438953927|forum|Wall of Alexei Kahnovich
2012-06-26|600962072674760|forum|Wall of Jose Alonso
